<application>
  <component name="authManager">
    <option name="lastLoginIdcInfo">
      <LastLoginIdcInfo>
        <option name="region" value="us-east-1" />
        <option name="startUrl" value="https://amzn.awsapps.com/start" />
      </LastLoginIdcInfo>
    </option>
    <option name="ssoProfiles">
      <list>
        <ManagedSsoProfile>
          <option name="scopes">
            <list>
              <option value="codewhisperer:completions" />
              <option value="codewhisperer:analysis" />
              <option value="codewhisperer:conversations" />
              <option value="codewhisperer:transformations" />
              <option value="codewhisperer:taskassist" />
            </list>
          </option>
          <option name="ssoRegion" value="us-east-1" />
          <option name="startUrl" value="https://amzn.awsapps.com/start" />
        </ManagedSsoProfile>
      </list>
    </option>
  </component>
  <component name="aws">
    <option name="autoUpdateFeatureNotificationShownOnce" value="true" />
    <option name="promptedForTelemetry" value="true" />
  </component>
  <component name="codewhispererCustomizationStates">
    <option name="connectionIdToActiveCustomizationArn">
      <map>
        <entry key="sso;us-east-1;https://amzn.awsapps.com/start">
          <value>
            <CodeWhispererCustomization>
              <option name="arn" value="arn:aws:codewhisperer:us-east-1:724904587780:customization/EDQ7NVEHA3PN" />
              <option name="name" value="Amazon-Internal-V1" />
              <option name="description" value="CodeWhisperer for Amazon" />
            </CodeWhispererCustomization>
          </value>
        </entry>
      </map>
    </option>
    <option name="previousAvailableCustomizations">
      <map>
        <entry key="sso;us-east-1;https://amzn.awsapps.com/start">
          <value>
            <list>
              <option value="arn:aws:codewhisperer:us-east-1:724904587780:customization/EDQ7NVEHA3PN" />
            </list>
          </value>
        </entry>
      </map>
    </option>
  </component>
  <component name="codewhispererStates">
    <option name="value">
      <map>
        <entry key="IsMonthlyQuotaForCodeScansExceeded" value="false" />
        <entry key="IsFirstRestartAfterQInstall" value="false" />
      </map>
    </option>
  </component>
  <component name="codewhispererUserGroupSettings">
    <option name="settings">
      <map>
        <entry key="userGroup" value="Control" />
      </map>
    </option>
  </component>
  <component name="connectionPinningManager">
    <option name="pinnedConnections">
      <map>
        <entry key="aws.codewhisperer" value="sso;us-east-1;https://amzn.awsapps.com/start" />
        <entry key="aws.q" value="sso;us-east-1;https://amzn.awsapps.com/start" />
      </map>
    </option>
  </component>
  <component name="meetQPage">
    <option name="shouldDisplayPage" value="false" />
  </component>
</application>