<application>
  <component name="CodeInsightSettings">
    <option name="INSERT_BRACE_ON_ENTER" value="false" />
  </component>
  <component name="CodeVisionSettings">
    <option name="codeVisionGroupToPosition">
      <map>
        <entry key="inheritors" value="Default" />
        <entry key="problems" value="Default" />
        <entry key="references" value="Default" />
        <entry key="vcs.code.vision" value="Default" />
      </map>
    </option>
    <option name="defaultPosition" value="Right" />
    <option name="disabledCodeVisionProviderIds">
      <set>
        <option value="inheritors" />
        <option value="problems" />
        <option value="references" />
        <option value="vcs.code.vision" />
      </set>
    </option>
    <option name="enabled" value="false" />
  </component>
  <component name="DeclarativeInlayHintsSettings">
    <option name="providerIdToEnabled">
      <map>
        <entry key="java.implicit.types" value="false" />
        <entry key="java.method.chains" value="false" />
        <entry key="js.chain.hints" value="false" />
        <entry key="js.type.hints" value="false" />
        <entry key="qodana.yaml.inspection.descriptions" value="false" />
        <entry key="ts.chain.hints" value="false" />
        <entry key="ts.enum.hints" value="false" />
        <entry key="ts.type.hints" value="false" />
      </map>
    </option>
  </component>
  <component name="EditorSettings">
    <option name="IS_CARET_BLINKING" value="false" />
    <option name="SHOW_BREADCRUMBS_ABOVE" value="true" />
    <option name="SHOW_STICKY_LINES" value="false" />
    <option name="IS_BLOCK_CURSOR" value="true" />
    <option name="IS_FULL_LINE_HEIGHT_CURSOR" value="true" />
    <option name="IS_ANIMATED_SCROLLING" value="false" />
  </component>
  <component name="InlayHintsSettings">
    <option name="disabledHintProviderIds">
      <set>
        <option value="Dockerfile.docker.inlay.hints" />
        <option value="Groovy.groovy.implicit.null.argument.hint" />
        <option value="Groovy.groovy.parameters.hints" />
        <option value="Groovy.groovy.variable.type.hints" />
        <option value="Groovy.microservices.url.path.inlay.hints" />
        <option value="Groovy.spring.boot.generate.starters.gradle" />
        <option value="JAVA.annotation.hints" />
        <option value="JAVA.microservices.url.path.inlay.hints" />
        <option value="JAVA.spring.secured.urls.inlay.hints" />
        <option value="Markdown.MarkdownTableInlayProviderSettingsKey" />
        <option value="SQL.sql.join.cardinality.hints" />
        <option value="XML.spring.boot.generate.starters.maven" />
        <option value="XML.spring.secured.urls.inlay.hints" />
        <option value="kotlin.kotlin.call.chains.hints" />
        <option value="kotlin.kotlin.lambdas.hints" />
        <option value="kotlin.kotlin.references.types.hints" />
        <option value="kotlin.kotlin.values.hints" />
        <option value="kotlin.microservices.url.path.inlay.hints" />
        <option value="kotlin.spring.boot.generate.starters.gradle.kts" />
        <option value="kotlin.spring.secured.urls.inlay.hints" />
      </set>
    </option>
    <option name="lastViewedProviderKeyId" value="" />
    <settingsMapElement>
      <Groovy.groovy.parameters.hints>
        <Settings>
          <option name="showInferredParameterTypes" value="false" />
          <option name="showTypeParameterList" value="false" />
        </Settings>
      </Groovy.groovy.parameters.hints>
      <kotlin.kotlin.values.hints>
        <Settings>
          <option name="ranges" value="false" />
        </Settings>
      </kotlin.kotlin.values.hints>
      <JAVA.annotation.hints>
        <Settings>
          <option name="showExternal" value="false" />
        </Settings>
      </JAVA.annotation.hints>
      <kotlin.kotlin.lambdas.hints>
        <Settings>
          <option name="implicitReceiversAndParams" value="false" />
          <option name="returnExpressions" value="false" />
        </Settings>
      </kotlin.kotlin.lambdas.hints>
    </settingsMapElement>
  </component>
  <component name="JavaCodeFoldingSettings">
    <option name="collapseOneLineMethods" value="false" />
  </component>
  <component name="JetEditorOptions">
    <option name="donTShowConversionDialog" value="true" />
  </component>
  <component name="XmlEditorOptions">
    <option name="showCssInlineColorPreview" value="true" />
  </component>
</application>