<application>
  <component name="ProjectManager">
    <defaultProject>
      <component name="CheckStyle-IDEA" serialisationVersion="2">
        <checkstyleVersion>10.17.0</checkstyleVersion>
        <scanScope>JavaOnly</scanScope>
        <option name="locations">
          <list>
            <ConfigurationLocation id="bundled-sun-checks" type="BUNDLED" scope="All" description="Sun Checks">(bundled)</ConfigurationLocation>
            <ConfigurationLocation id="bundled-google-checks" type="BUNDLED" scope="All" description="Google Checks">(bundled)</ConfigurationLocation>
          </list>
        </option>
      </component>
      <component name="PropertiesComponent">{
  &quot;keyToString&quot;: {
    &quot;settings.editor.selected.configurable&quot;: &quot;settings.sync&quot;
  }
}</component>
      <component name="SshConsoleOptionsProvider">
        <option name="myEncoding" value="UTF-8" />
        <option name="myConnectionType" value="NONE" />
        <option name="myConnectionId" value="" />
      </component>
      <component name="SvnConfiguration">
        <configuration>$USER_HOME$/.subversion</configuration>
      </component>
      <component name="WindowStateProjectService">
        <state x="447" y="171" key="#SSH_Configurations.ideScale=110" timestamp="1722288691886">
          <screen x="0" y="38" width="1728" height="1079" />
        </state>
        <state x="447" y="171" key="#SSH_Configurations.ideScale=110/0.38.1728.1079" timestamp="1722288691886" />
        <state x="0" y="38" width="1728" height="1079" key="SettingsEditor.ideScale=110" timestamp="1722290107731">
          <screen x="0" y="38" width="1728" height="1079" />
        </state>
        <state x="0" y="38" width="1728" height="1079" key="SettingsEditor.ideScale=110/0.38.1728.1079" timestamp="1722290107731" />
      </component>
    </defaultProject>
  </component>
</application>