<application>
  <component name="SettingsSyncSettings">
    <option name="disabledSubcategories">
      <map>
        <entry key="PLUGINS">
          <value>
            <list>
              <option value="AntSupport" />
              <option value="club.nutsoft.Github3Theme" />
              <option value="color.scheme.Tokyo Night" />
              <option value="com.github.catppuccin.jetbrains" />
            </list>
          </value>
        </entry>
      </map>
    </option>
    <option name="syncEnabled" value="true" />
  </component>
</application>