<application>
  <component name="UpdatesConfigurable">
    <option name="LAST_BUILD_CHECKED" value="IU-241.18034.62" />
    <option name="LAST_TIME_CHECKED" value="1725855865435" />
    <option name="OBSOLETE_CUSTOM_REPOSITORIES_CLEAN_NEEDED" value="false" />
    <pluginHosts>
      <item value="https://plugins.jetbrains.builder-tools.aws.dev/eap/com.amazon.ijbp/ " />
    </pluginHosts>
    <option name="THIRD_PARTY_PLUGINS_ALLOWED" value="true" />
    <option name="WHATS_NEW_SHOWN_FOR" value="241" />
  </component>
</application>