<keymap version="1" name="VSCode (macOS) copy" parent="VSCode OSX">
  <action id="AddToHarpoon">
    <keyboard-shortcut first-keystroke="space" second-keystroke="a" />
  </action>
  <action id="EditorDeleteToLineEnd">
    <keyboard-shortcut first-keystroke="meta delete" />
  </action>
  <action id="EditorJoinLines" />
  <action id="EditorLineEnd">
    <keyboard-shortcut first-keystroke="meta right" />
    <keyboard-shortcut first-keystroke="end" />
  </action>
  <action id="EditorScrollToCenter" />
  <action id="GotoHarpoon1">
    <keyboard-shortcut first-keystroke="ctrl h" />
  </action>
  <action id="GotoHarpoon2">
    <keyboard-shortcut first-keystroke="ctrl j" />
  </action>
  <action id="GotoHarpoon3">
    <keyboard-shortcut first-keystroke="ctrl k" />
  </action>
  <action id="GotoHarpoon4">
    <keyboard-shortcut first-keystroke="ctrl l" />
  </action>
  <action id="GotoHarpoon5">
    <keyboard-shortcut first-keystroke="ctrl semicolon" />
  </action>
  <action id="ShowHarpoon">
    <keyboard-shortcut first-keystroke="ctrl e" />
  </action>
  <action id="TypeHierarchy" />
  <action id="TypeHierarchyBase.BaseOnThisType" />
</keymap>