<keymap version="1" name="VSCode (macOS) copy 1" parent="VSCode OSX">
  <action id="CollapsiblePanel-toggle" />
  <action id="Console.TableResult.ColumnVisibility" />
  <action id="EditorDeleteToLineEnd">
    <keyboard-shortcut first-keystroke="meta delete" />
  </action>
  <action id="EditorJoinLines" />
  <action id="EditorLineEnd">
    <keyboard-shortcut first-keystroke="meta right" />
    <keyboard-shortcut first-keystroke="end" />
  </action>
  <action id="EditorLineStart">
    <keyboard-shortcut first-keystroke="meta left" />
    <keyboard-shortcut first-keystroke="home" />
  </action>
  <action id="EditorScrollToCenter" />
  <action id="GotoHarpoon1">
    <keyboard-shortcut first-keystroke="ctrl h" />
  </action>
  <action id="GotoHarpoon2">
    <keyboard-shortcut first-keystroke="ctrl j" />
  </action>
  <action id="GotoHarpoon3">
    <keyboard-shortcut first-keystroke="ctrl k" />
  </action>
  <action id="GotoHarpoon4">
    <keyboard-shortcut first-keystroke="ctrl l" />
  </action>
  <action id="NextProjectWindow" />
  <action id="QuickPreview" />
  <action id="ReformatCode" />
  <action id="ShowHarpoon">
    <keyboard-shortcut first-keystroke="ctrl e" />
  </action>
  <action id="SplitChooser.SplitCenter" />
  <action id="TypeHierarchy" />
  <action id="TypeHierarchyBase.BaseOnThisType" />
</keymap>